	fasta	scaffold	gene_position	start_position	end_position	strandedness	rank	kegg_id	kegg_hit	viral_id	viral_hit	viral_RBH	viral_identity	viral_bitScore	viral_eVal	peptidase_id	peptidase_family	peptidase_hit	peptidase_RBH	peptidase_identity	peptidase_bitScore	peptidase_eVal	pfam_hits	cazy_hits	vogdb_id	vogdb_categories	vogdb_hit	heme_regulatory_motif_count	virsorter_category	auxiliary_score	is_transposon	amg_flags
NODE_1_length_46094_cov_1881.848693__full-cat_1_1	NODE_1_length_46094_cov_1881.848693__full-cat_1	NODE_1_length_46094_cov_1881.848693__full-cat_1	1	3	701	-1	E																					0	1	5	False	F
NODE_1_length_46094_cov_1881.848693__full-cat_1_2	NODE_1_length_46094_cov_1881.848693__full-cat_1	NODE_1_length_46094_cov_1881.848693__full-cat_1	2	1002	1673	-1	D			YP_004957378.1	YP_004957378.1 hypothetical protein PaVLD_ORF105L [Planktothrix phage PaV-LD]	False	0.396	66.0	3.499e-11								KilA-N domain [PF04383.15]		REFSEQ	Xu	REFSEQ KilA-N domain-containing protein; Xu	0	1	2	False	F
NODE_1_length_46094_cov_1881.848693__full-cat_1_3	NODE_1_length_46094_cov_1881.848693__full-cat_1	NODE_1_length_46094_cov_1881.848693__full-cat_1	3	1812	2516	-1	E			YP_007676888.1	YP_007676888.1 hypothetical protein CYYG_00043 [Cyanophage SS120-1]	False	0.294	78.0	2.736e-15										REFSEQ	Xu	REFSEQ hypothetical protein; Xu	0	1	2	False	F
NODE_1_length_46094_cov_1881.848693__full-cat_1_4	NODE_1_length_46094_cov_1881.848693__full-cat_1	NODE_1_length_46094_cov_1881.848693__full-cat_1	4	2587	3678	-1	E																					0	2	2	False	F
NODE_1_length_46094_cov_1881.848693__full-cat_1_5	NODE_1_length_46094_cov_1881.848693__full-cat_1	NODE_1_length_46094_cov_1881.848693__full-cat_1	5	3743	4336	-1	E																					0	2	2	False	F
NODE_1_length_46094_cov_1881.848693__full-cat_1_6	NODE_1_length_46094_cov_1881.848693__full-cat_1	NODE_1_length_46094_cov_1881.848693__full-cat_1	6	4412	5323	-1	E																					0	2	2	False	F
NODE_1_length_46094_cov_1881.848693__full-cat_1_7	NODE_1_length_46094_cov_1881.848693__full-cat_1	NODE_1_length_46094_cov_1881.848693__full-cat_1	7	5314	6144	-1	D			YP_009208690.1	YP_009208690.1 thymidilate synthase [Achromobacter phage phiAxp-3]	False	0.41	209.0	1.797e-59								Thymidylate synthase complementing protein [PF02511.17]		sp|A6LP90|THYX_THEM4	Xh;Xr	sp|A6LP90|THYX_THEM4 Flavin-dependent thymidylate synthase; XhXr	0	1	2	False	V
NODE_1_length_46094_cov_1881.848693__full-cat_1_8	NODE_1_length_46094_cov_1881.848693__full-cat_1	NODE_1_length_46094_cov_1881.848693__full-cat_1	8	6141	6299	-1	E																					0	2	2	False	
NODE_1_length_46094_cov_1881.848693__full-cat_1_9	NODE_1_length_46094_cov_1881.848693__full-cat_1	NODE_1_length_46094_cov_1881.848693__full-cat_1	9	6302	6742	-1	E																					0	2	2	False	
NODE_1_length_46094_cov_1881.848693__full-cat_1_10	NODE_1_length_46094_cov_1881.848693__full-cat_1	NODE_1_length_46094_cov_1881.848693__full-cat_1	10	7047	7808	-1	E																					0	2	2	False	
NODE_1_length_46094_cov_1881.848693__full-cat_1_11	NODE_1_length_46094_cov_1881.848693__full-cat_1	NODE_1_length_46094_cov_1881.848693__full-cat_1	11	8770	8958	1	E																					0	2	2	False	
NODE_1_length_46094_cov_1881.848693__full-cat_1_12	NODE_1_length_46094_cov_1881.848693__full-cat_1	NODE_1_length_46094_cov_1881.848693__full-cat_1	12	9425	9721	1	E																					0	2	2	False	
NODE_1_length_46094_cov_1881.848693__full-cat_1_13	NODE_1_length_46094_cov_1881.848693__full-cat_1	NODE_1_length_46094_cov_1881.848693__full-cat_1	13	9721	10032	1	E																					0	2	2	False	
NODE_1_length_46094_cov_1881.848693__full-cat_1_14	NODE_1_length_46094_cov_1881.848693__full-cat_1	NODE_1_length_46094_cov_1881.848693__full-cat_1	14	10051	10740	1	C	K07741	anti-repressor protein	YP_004957363.1	YP_004957363.1 hypothetical protein PaVLD_ORF090L [Planktothrix phage PaV-LD]	False	0.301	68.0	6.463e-12								AntA/AntB antirepressor [PF08346.14]					0	1	2	False	
NODE_1_length_46094_cov_1881.848693__full-cat_1_15	NODE_1_length_46094_cov_1881.848693__full-cat_1	NODE_1_length_46094_cov_1881.848693__full-cat_1	15	10742	10981	1	E																					0	2	2	False	
NODE_1_length_46094_cov_1881.848693__full-cat_1_16	NODE_1_length_46094_cov_1881.848693__full-cat_1	NODE_1_length_46094_cov_1881.848693__full-cat_1	16	10981	11925	1	E																					0	2	2	False	
NODE_1_length_46094_cov_1881.848693__full-cat_1_17	NODE_1_length_46094_cov_1881.848693__full-cat_1	NODE_1_length_46094_cov_1881.848693__full-cat_1	17	11929	13428	1	D			YP_005098300.1	YP_005098300.1 ribonucleotide reductase [Synechococcus phage S-CBS4]	False	0.237	141.0	7.625e-34								Ribonucleotide reductase, barrel domain [PF02867.17]					0	1	2	False	MKE
NODE_1_length_46094_cov_1881.848693__full-cat_1_18	NODE_1_length_46094_cov_1881.848693__full-cat_1	NODE_1_length_46094_cov_1881.848693__full-cat_1	18	13630	14400	1	E																					0	2	2	False	
NODE_1_length_46094_cov_1881.848693__full-cat_1_19	NODE_1_length_46094_cov_1881.848693__full-cat_1	NODE_1_length_46094_cov_1881.848693__full-cat_1	19	14405	15010	1	E																					0	2	2	False	
NODE_1_length_46094_cov_1881.848693__full-cat_1_20	NODE_1_length_46094_cov_1881.848693__full-cat_1	NODE_1_length_46094_cov_1881.848693__full-cat_1	20	15187	15909	1	C	K07741	anti-repressor protein	YP_009042784.1	YP_009042784.1 hypothetical protein A4L_14 [Anabaena phage A-4L]	False	0.496	104.0	7.077e-24								Phage antirepressor protein KilAC domain [PF03374.16]					0	2	2	False	
NODE_1_length_46094_cov_1881.848693__full-cat_1_21	NODE_1_length_46094_cov_1881.848693__full-cat_1	NODE_1_length_46094_cov_1881.848693__full-cat_1	21	15917	17593	1	D			YP_009042786.1	YP_009042786.1 DNA primase/helicase [Anabaena phage A-4L]	False	0.248	174.0	4.203e-44								DnaB-like helicase C terminal domain [PF03796.17]; AAA domain [PF13481.8]; Toprim-like [PF13155.8]; KaiC [PF06745.15]		sp|Q05279|VG65_BPML5	Xh	sp|Q05279|VG65_BPML5 Gene 65 protein; Xh	0	1	2	False	
NODE_1_length_46094_cov_1881.848693__full-cat_1_22	NODE_1_length_46094_cov_1881.848693__full-cat_1	NODE_1_length_46094_cov_1881.848693__full-cat_1	22	17590	18018	-1	E																					0	1	2	False	
NODE_1_length_46094_cov_1881.848693__full-cat_1_23	NODE_1_length_46094_cov_1881.848693__full-cat_1	NODE_1_length_46094_cov_1881.848693__full-cat_1	23	18064	18537	-1	E			YP_008766982.1	YP_008766982.1 tail fiber [Cyanophage PP]	False	0.305	70.0	2.967e-13													0	2	2	False	
NODE_1_length_46094_cov_1881.848693__full-cat_1_24	NODE_1_length_46094_cov_1881.848693__full-cat_1	NODE_1_length_46094_cov_1881.848693__full-cat_1	24	18521	21667	-1	E			YP_009042796.1	YP_009042796.1 tail protein [Anabaena phage A-4L]	False	0.235	247.0	4.6460000000000004e-65										REFSEQ	Xu	REFSEQ PfWMP3_25; Xu	0	0	2	False	
NODE_1_length_46094_cov_1881.848693__full-cat_1_25	NODE_1_length_46094_cov_1881.848693__full-cat_1	NODE_1_length_46094_cov_1881.848693__full-cat_1	25	21671	25960	-1	E																					0	2	1	False	
NODE_1_length_46094_cov_1881.848693__full-cat_1_26	NODE_1_length_46094_cov_1881.848693__full-cat_1	NODE_1_length_46094_cov_1881.848693__full-cat_1	26	25957	26127	-1	D																Phycobilisome degradation protein nblA [PF04485.14]					0	2	1	False	
NODE_1_length_46094_cov_1881.848693__full-cat_1_27	NODE_1_length_46094_cov_1881.848693__full-cat_1	NODE_1_length_46094_cov_1881.848693__full-cat_1	27	26120	26755	-1	E																					0	2	1	False	
NODE_1_length_46094_cov_1881.848693__full-cat_1_28	NODE_1_length_46094_cov_1881.848693__full-cat_1	NODE_1_length_46094_cov_1881.848693__full-cat_1	28	26756	27052	1	E																					0	2	1	False	
NODE_1_length_46094_cov_1881.848693__full-cat_1_29	NODE_1_length_46094_cov_1881.848693__full-cat_1	NODE_1_length_46094_cov_1881.848693__full-cat_1	29	27057	28148	-1	D			YP_009042803.1	YP_009042803.1 major capsid protein [Anabaena phage A-4L]	False	0.416	254.0	1.519e-73								Phage capsid protein [PF19821.1]; P22 coat protein - gene protein 5 [PF11651.10]		sp|P19727|CAPSB_BPT7	Xs;Xr	sp|P19727|CAPSB_BPT7 Minor capsid protein; XrXs	0	0	1	False	V
NODE_1_length_46094_cov_1881.848693__full-cat_1_30	NODE_1_length_46094_cov_1881.848693__full-cat_1	NODE_1_length_46094_cov_1881.848693__full-cat_1	30	28179	28865	-1	E			YP_001285798.1	YP_001285798.1 scaffold protein [Phormidium virus WMP3]	False	0.314	73.0	1.68e-13										REFSEQ	Xu	REFSEQ scaffold protein; Xu	0	2	1	False	
NODE_1_length_46094_cov_1881.848693__full-cat_1_31	NODE_1_length_46094_cov_1881.848693__full-cat_1	NODE_1_length_46094_cov_1881.848693__full-cat_1	31	28862	30682	-1	D			YP_009042805.1	YP_009042805.1 portal protein [Anabaena phage A-4L]	False	0.294	250.0	6.933e-69								Bacteriophage head to tail connecting protein [PF12236.10]		sp|A0MZE1|PORTL_BPN4	Xh;Xr;Xp;Xs	sp|A0MZE1|PORTL_BPN4 Probable portal protein; XhXpXrXs	0	0	1	False	V
NODE_1_length_46094_cov_1881.848693__full-cat_1_32	NODE_1_length_46094_cov_1881.848693__full-cat_1	NODE_1_length_46094_cov_1881.848693__full-cat_1	32	30654	32480	-1	D			YP_008766995.1	YP_008766995.1 terminase [Cyanophage PP]	True	0.4	367.0	1.611e-108								Terminase RNaseH-like domain [PF17289.4]		sp|P10310|TERL_BPT3	Xh;Xr	sp|P10310|TERL_BPT3 Terminase, large subunit; XhXr	0	0	2	False	V
NODE_1_length_46094_cov_1881.848693__full-cat_1_33	NODE_1_length_46094_cov_1881.848693__full-cat_1	NODE_1_length_46094_cov_1881.848693__full-cat_1	33	32481	32930	-1	E																					0	2	2	False	
NODE_1_length_46094_cov_1881.848693__full-cat_1_34	NODE_1_length_46094_cov_1881.848693__full-cat_1	NODE_1_length_46094_cov_1881.848693__full-cat_1	34	33701	33943	-1	E																					0	2	2	False	
NODE_1_length_46094_cov_1881.848693__full-cat_1_35	NODE_1_length_46094_cov_1881.848693__full-cat_1	NODE_1_length_46094_cov_1881.848693__full-cat_1	35	33940	34092	-1	E																					0	2	2	False	
NODE_1_length_46094_cov_1881.848693__full-cat_1_36	NODE_1_length_46094_cov_1881.848693__full-cat_1	NODE_1_length_46094_cov_1881.848693__full-cat_1	36	34102	34491	-1	E																					0	2	2	False	
NODE_1_length_46094_cov_1881.848693__full-cat_1_37	NODE_1_length_46094_cov_1881.848693__full-cat_1	NODE_1_length_46094_cov_1881.848693__full-cat_1	37	34506	35123	-1	E			YP_009220285.1	YP_009220285.1 hypothetical protein AV945_gp46 [Phormidium phage MIS-PhV1A]	False	0.345	112.0	4.733e-27										REFSEQ	Xu	REFSEQ hypothetical protein; Xu	0	1	2	False	
NODE_1_length_46094_cov_1881.848693__full-cat_1_38	NODE_1_length_46094_cov_1881.848693__full-cat_1	NODE_1_length_46094_cov_1881.848693__full-cat_1	38	35120	35395	-1	E																					0	2	2	False	
NODE_1_length_46094_cov_1881.848693__full-cat_1_39	NODE_1_length_46094_cov_1881.848693__full-cat_1	NODE_1_length_46094_cov_1881.848693__full-cat_1	39	35642	36382	1	E																					0	2	2	False	
NODE_1_length_46094_cov_1881.848693__full-cat_1_40	NODE_1_length_46094_cov_1881.848693__full-cat_1	NODE_1_length_46094_cov_1881.848693__full-cat_1	40	36434	36835	1	E																					0	1	2	False	
NODE_1_length_46094_cov_1881.848693__full-cat_1_41	NODE_1_length_46094_cov_1881.848693__full-cat_1	NODE_1_length_46094_cov_1881.848693__full-cat_1	41	36995	37225	1	E																					0	2	2	False	
NODE_1_length_46094_cov_1881.848693__full-cat_1_42	NODE_1_length_46094_cov_1881.848693__full-cat_1	NODE_1_length_46094_cov_1881.848693__full-cat_1	42	37326	38222	1	E																					0	2	2	False	
NODE_1_length_46094_cov_1881.848693__full-cat_1_43	NODE_1_length_46094_cov_1881.848693__full-cat_1	NODE_1_length_46094_cov_1881.848693__full-cat_1	43	38283	38525	1	E																					0	2	2	False	
NODE_1_length_46094_cov_1881.848693__full-cat_1_44	NODE_1_length_46094_cov_1881.848693__full-cat_1	NODE_1_length_46094_cov_1881.848693__full-cat_1	44	38525	38713	1	E																					0	2	2	False	
NODE_1_length_46094_cov_1881.848693__full-cat_1_45	NODE_1_length_46094_cov_1881.848693__full-cat_1	NODE_1_length_46094_cov_1881.848693__full-cat_1	45	38797	39747	-1	E																					0	2	2	False	
NODE_1_length_46094_cov_1881.848693__full-cat_1_46	NODE_1_length_46094_cov_1881.848693__full-cat_1	NODE_1_length_46094_cov_1881.848693__full-cat_1	46	39835	41478	-1	E			YP_009042801.1	YP_009042801.1 tail tubular protein B [Anabaena phage A-4L]	False	0.175	81.0	1.158e-14													0	2	2	False	F
NODE_1_length_46094_cov_1881.848693__full-cat_1_47	NODE_1_length_46094_cov_1881.848693__full-cat_1	NODE_1_length_46094_cov_1881.848693__full-cat_1	47	41487	44672	-1	D			YP_009042798.1	YP_009042798.1 internal protein [Anabaena phage A-4L]	False	0.234	154.0	1.277e-36	MER0318532	M23B	MER0318532 - subfamily M23B unassigned peptidases (Bacteroides sp. 3_1_40A) [M23.UPB]#M23B#{peptidase unit: 124-307}~source ZP_07998793~	False	0.352	74.0	9.224e-12	Peptidase family M23 [PF01551.24]					0	2	2	False	PF
NODE_1_length_46094_cov_1881.848693__full-cat_1_48	NODE_1_length_46094_cov_1881.848693__full-cat_1	NODE_1_length_46094_cov_1881.848693__full-cat_1	48	44680	45705	-1	E																					0	2	2	False	F
NODE_1_length_46094_cov_1881.848693__full-cat_1_49	NODE_1_length_46094_cov_1881.848693__full-cat_1	NODE_1_length_46094_cov_1881.848693__full-cat_1	49	45778	46092	-1	D			YP_008766972.1	YP_008766972.1 DNA polymerase [Cyanophage PP]	False	0.362	67.0	2.856e-13								DNA polymerase family A [PF00476.22]					0	1	5	False	F
NODE_2_length_23063_cov_728.319237__full-cat_1_1	NODE_2_length_23063_cov_728.319237__full-cat_1	NODE_2_length_23063_cov_728.319237__full-cat_1	1	2	388	-1	D																Meiotically up-regulated gene 113 [PF13455.8]					0	1	5	False	F
NODE_2_length_23063_cov_728.319237__full-cat_1_2	NODE_2_length_23063_cov_728.319237__full-cat_1	NODE_2_length_23063_cov_728.319237__full-cat_1	2	381	596	-1	E																					0	2	2	False	F
NODE_2_length_23063_cov_728.319237__full-cat_1_3	NODE_2_length_23063_cov_728.319237__full-cat_1	NODE_2_length_23063_cov_728.319237__full-cat_1	3	586	939	-1	E																					0	2	2	False	F
NODE_2_length_23063_cov_728.319237__full-cat_1_4	NODE_2_length_23063_cov_728.319237__full-cat_1	NODE_2_length_23063_cov_728.319237__full-cat_1	4	932	1195	-1	E																					0	2	2	False	F
NODE_2_length_23063_cov_728.319237__full-cat_1_5	NODE_2_length_23063_cov_728.319237__full-cat_1	NODE_2_length_23063_cov_728.319237__full-cat_1	5	1192	1488	-1	E																					0	2	2	False	F
NODE_2_length_23063_cov_728.319237__full-cat_1_6	NODE_2_length_23063_cov_728.319237__full-cat_1	NODE_2_length_23063_cov_728.319237__full-cat_1	6	1485	1796	-1	E																					0	2	2	False	F
NODE_2_length_23063_cov_728.319237__full-cat_1_7	NODE_2_length_23063_cov_728.319237__full-cat_1	NODE_2_length_23063_cov_728.319237__full-cat_1	7	1993	2706	-1	E																					0	2	2	False	F
NODE_2_length_23063_cov_728.319237__full-cat_1_8	NODE_2_length_23063_cov_728.319237__full-cat_1	NODE_2_length_23063_cov_728.319237__full-cat_1	8	2699	2929	-1	E																					0	2	2	False	F
NODE_2_length_23063_cov_728.319237__full-cat_1_9	NODE_2_length_23063_cov_728.319237__full-cat_1	NODE_2_length_23063_cov_728.319237__full-cat_1	9	2976	3491	-1	E			YP_009202266.1	YP_009202266.1 hypothetical protein AVV24_gp60 [Bacteriophage Lily]	False	0.38	96.0	3.879e-22										REFSEQ	Xu	REFSEQ hypothetical protein; Xu	0	1	2	False	F
NODE_2_length_23063_cov_728.319237__full-cat_1_10	NODE_2_length_23063_cov_728.319237__full-cat_1	NODE_2_length_23063_cov_728.319237__full-cat_1	10	3493	4110	-1	E																					0	2	2	False	F
NODE_2_length_23063_cov_728.319237__full-cat_1_11	NODE_2_length_23063_cov_728.319237__full-cat_1	NODE_2_length_23063_cov_728.319237__full-cat_1	11	4113	4736	-1	E			YP_002284371.1	YP_002284371.1 hypothetical protein PAJU2_gp37 [Pseudomonas phage PAJU2]	False	0.607	60.0	2.344e-09													0	2	2	False	F
NODE_2_length_23063_cov_728.319237__full-cat_1_12	NODE_2_length_23063_cov_728.319237__full-cat_1	NODE_2_length_23063_cov_728.319237__full-cat_1	12	4733	5104	-1	D			YP_164299.1	YP_164299.1 DUF1364 family protein [Pseudomonas virus F116]	False	0.41	75.0	1.104e-15								Protein of unknown function (DUF1364) [PF07102.14]		sp|P68661|YBCO_ECOLI	Xu	sp|P68661|YBCO_ECOLI Putative nuclease YbcO; Xu	1	1	2	False	F
NODE_2_length_23063_cov_728.319237__full-cat_1_13	NODE_2_length_23063_cov_728.319237__full-cat_1	NODE_2_length_23063_cov_728.319237__full-cat_1	13	5104	5328	-1	E																					0	2	2	False	
NODE_2_length_23063_cov_728.319237__full-cat_1_14	NODE_2_length_23063_cov_728.319237__full-cat_1	NODE_2_length_23063_cov_728.319237__full-cat_1	14	5328	5534	-1	E																					0	2	2	False	
NODE_2_length_23063_cov_728.319237__full-cat_1_15	NODE_2_length_23063_cov_728.319237__full-cat_1	NODE_2_length_23063_cov_728.319237__full-cat_1	15	5531	5869	-1	E																					0	1	2	False	
NODE_2_length_23063_cov_728.319237__full-cat_1_16	NODE_2_length_23063_cov_728.319237__full-cat_1	NODE_2_length_23063_cov_728.319237__full-cat_1	16	5874	6521	-1	D			YP_007392924.1	YP_007392924.1 hypothetical protein H390_gp35 [Xanthomonas citri phage CP2]	False	0.48	175.0	1.61e-48								YqaJ-like viral recombinase domain [PF09588.12]					0	0	2	False	
NODE_2_length_23063_cov_728.319237__full-cat_1_17	NODE_2_length_23063_cov_728.319237__full-cat_1	NODE_2_length_23063_cov_728.319237__full-cat_1	17	6518	7180	-1	C	K10857	exodeoxyribonuclease X [EC:3.1.11.-]	YP_009785451.1	YP_009785451.1 exonuclease [Caulobacter phage Sansa]	False	0.378	153.0	8.336999999999998e-41								Exonuclease [PF00929.26]; Putative quorum-sensing-regulated virulence factor [PF12843.9]		sp|P04536|EXOD_BPT4	Xu	sp|P04536|EXOD_BPT4 Exodeoxyribonuclease; Xu	0	2	1	False	
NODE_2_length_23063_cov_728.319237__full-cat_1_18	NODE_2_length_23063_cov_728.319237__full-cat_1	NODE_2_length_23063_cov_728.319237__full-cat_1	18	7177	7959	-1	D			YP_009221480.1	YP_009221480.1 ERF superfamily protein (endogenous virus) [Sinorhizobium phage phiLM21]	False	0.355	142.0	1.577e-36								ERF superfamily [PF04404.14]		sp|P04892|ERF_BPP22	Xh	sp|P04892|ERF_BPP22 Essential recombination function protein; Xh	0	1	1	False	
NODE_2_length_23063_cov_728.319237__full-cat_1_19	NODE_2_length_23063_cov_728.319237__full-cat_1	NODE_2_length_23063_cov_728.319237__full-cat_1	19	7956	8123	-1	E																					0	2	1	False	
NODE_2_length_23063_cov_728.319237__full-cat_1_20	NODE_2_length_23063_cov_728.319237__full-cat_1	NODE_2_length_23063_cov_728.319237__full-cat_1	20	8107	8352	-1	E																					0	1	1	False	
NODE_2_length_23063_cov_728.319237__full-cat_1_21	NODE_2_length_23063_cov_728.319237__full-cat_1	NODE_2_length_23063_cov_728.319237__full-cat_1	21	8464	8727	-1	E																					0	2	1	False	
NODE_2_length_23063_cov_728.319237__full-cat_1_22	NODE_2_length_23063_cov_728.319237__full-cat_1	NODE_2_length_23063_cov_728.319237__full-cat_1	22	8728	9084	-1	E																					0	2	1	False	
NODE_2_length_23063_cov_728.319237__full-cat_1_23	NODE_2_length_23063_cov_728.319237__full-cat_1	NODE_2_length_23063_cov_728.319237__full-cat_1	23	9087	9275	-1	E																					0	2	1	False	
NODE_2_length_23063_cov_728.319237__full-cat_1_24	NODE_2_length_23063_cov_728.319237__full-cat_1	NODE_2_length_23063_cov_728.319237__full-cat_1	24	9420	9635	-1	D																Arc-like DNA binding domain [PF03869.16]					0	2	1	False	
NODE_2_length_23063_cov_728.319237__full-cat_1_25	NODE_2_length_23063_cov_728.319237__full-cat_1	NODE_2_length_23063_cov_728.319237__full-cat_1	25	10011	10265	1	E																					0	2	1	False	
NODE_2_length_23063_cov_728.319237__full-cat_1_26	NODE_2_length_23063_cov_728.319237__full-cat_1	NODE_2_length_23063_cov_728.319237__full-cat_1	26	10138	10506	-1	D																Helix-turn-helix domain [PF12844.9]; Helix-turn-helix [PF01381.24]; Bacteriophage CI repressor helix-turn-helix domain [PF07022.15]					0	1	1	False	
NODE_2_length_23063_cov_728.319237__full-cat_1_27	NODE_2_length_23063_cov_728.319237__full-cat_1	NODE_2_length_23063_cov_728.319237__full-cat_1	27	10578	10769	1	D																Antitoxin component of bacterial toxin-antitoxin system, MqsA [PF15731.7]; Helix-turn-helix [PF01381.24]; Helix-turn-helix domain [PF12844.9]; Helix-turn-helix domain [PF13560.8]					0	2	1	False	
NODE_2_length_23063_cov_728.319237__full-cat_1_28	NODE_2_length_23063_cov_728.319237__full-cat_1	NODE_2_length_23063_cov_728.319237__full-cat_1	28	10766	11176	1	D			YP_007006471.1	YP_007006471.1 hypothetical protein F406_gp102 [Agrobacterium phage 7-7-1]	False	0.443	68.0	5.131e-13								Uncharacterized protein conserved in bacteria (DUF2312) [PF10073.11]		sp|A7HUR5|Y2034_PARL1	Xu	sp|A7HUR5|Y2034_PARL1 UPF0335 protein Plav_2034; Xu	0	2	1	False	
NODE_2_length_23063_cov_728.319237__full-cat_1_29	NODE_2_length_23063_cov_728.319237__full-cat_1	NODE_2_length_23063_cov_728.319237__full-cat_1	29	11177	11734	1	E			YP_007006552.1	YP_007006552.1 hypothetical protein F406_gp021 [Agrobacterium phage 7-7-1]	False	0.534	191.0	1.1609999999999999e-54										REFSEQ	Xu	REFSEQ hypothetical protein; Xu	0	1	1	False	
NODE_2_length_23063_cov_728.319237__full-cat_1_30	NODE_2_length_23063_cov_728.319237__full-cat_1	NODE_2_length_23063_cov_728.319237__full-cat_1	30	11731	12276	1	E																					0	2	1	False	
NODE_2_length_23063_cov_728.319237__full-cat_1_31	NODE_2_length_23063_cov_728.319237__full-cat_1	NODE_2_length_23063_cov_728.319237__full-cat_1	31	12222	12617	1	E																					0	2	1	False	
NODE_2_length_23063_cov_728.319237__full-cat_1_32	NODE_2_length_23063_cov_728.319237__full-cat_1	NODE_2_length_23063_cov_728.319237__full-cat_1	32	12642	13058	1	E			YP_009148410.1	YP_009148410.1 hypothetical protein RG2014_047 [Delftia phage RG-2014]	False	0.588	157.0	6.463e-44										sp|Q05277|VG64_BPML5	Xu	sp|Q05277|VG64_BPML5 Gene 64 protein; Xu	0	1	1	False	
NODE_2_length_23063_cov_728.319237__full-cat_1_33	NODE_2_length_23063_cov_728.319237__full-cat_1	NODE_2_length_23063_cov_728.319237__full-cat_1	33	13069	13215	1	E																					0	2	1	False	
NODE_2_length_23063_cov_728.319237__full-cat_1_34	NODE_2_length_23063_cov_728.319237__full-cat_1	NODE_2_length_23063_cov_728.319237__full-cat_1	34	13244	13525	1	E																					0	2	1	False	
NODE_2_length_23063_cov_728.319237__full-cat_1_35	NODE_2_length_23063_cov_728.319237__full-cat_1	NODE_2_length_23063_cov_728.319237__full-cat_1	35	13528	13806	1	E																					0	2	1	False	
NODE_2_length_23063_cov_728.319237__full-cat_1_36	NODE_2_length_23063_cov_728.319237__full-cat_1	NODE_2_length_23063_cov_728.319237__full-cat_1	36	13803	14174	1	C	K01160	crossover junction endodeoxyribonuclease RusA [EC:3.1.22.4]	YP_007675420.1	YP_007675420.1 RusA-like endodeoxyribonuclease [Sulfitobacter phage pCB2047-A]	False	0.452	95.0	1.556e-22										sp|Q9MCN8|RUSA_BPHK7	Xr	sp|Q9MCN8|RUSA_BPHK7 Crossover junction endodeoxyribonuclease rusA; Xr	0	1	1	False	V
NODE_2_length_23063_cov_728.319237__full-cat_1_37	NODE_2_length_23063_cov_728.319237__full-cat_1	NODE_2_length_23063_cov_728.319237__full-cat_1	37	14175	14366	1	E																					0	2	1	False	
NODE_2_length_23063_cov_728.319237__full-cat_1_38	NODE_2_length_23063_cov_728.319237__full-cat_1	NODE_2_length_23063_cov_728.319237__full-cat_1	38	14359	14577	1	E																					0	2	1	False	
NODE_2_length_23063_cov_728.319237__full-cat_1_39	NODE_2_length_23063_cov_728.319237__full-cat_1	NODE_2_length_23063_cov_728.319237__full-cat_1	39	14574	15128	1	D																REase_MTES_1575 [PF18741.3]; Protein of unknown function (DUF559) [PF04480.14]					0	2	1	False	
NODE_2_length_23063_cov_728.319237__full-cat_1_40	NODE_2_length_23063_cov_728.319237__full-cat_1	NODE_2_length_23063_cov_728.319237__full-cat_1	40	15125	15646	1	E																					0	1	1	False	
NODE_2_length_23063_cov_728.319237__full-cat_1_41	NODE_2_length_23063_cov_728.319237__full-cat_1	NODE_2_length_23063_cov_728.319237__full-cat_1	41	15639	16268	1	E																					0	2	1	False	
NODE_2_length_23063_cov_728.319237__full-cat_1_42	NODE_2_length_23063_cov_728.319237__full-cat_1	NODE_2_length_23063_cov_728.319237__full-cat_1	42	16279	16779	1	D																Bacterial dnaA protein helix-turn-helix [PF08299.13]					0	2	1	False	
NODE_2_length_23063_cov_728.319237__full-cat_1_43	NODE_2_length_23063_cov_728.319237__full-cat_1	NODE_2_length_23063_cov_728.319237__full-cat_1	43	16776	16943	1	E																					0	2	1	False	
NODE_2_length_23063_cov_728.319237__full-cat_1_44	NODE_2_length_23063_cov_728.319237__full-cat_1	NODE_2_length_23063_cov_728.319237__full-cat_1	44	16940	17248	1	E																					0	2	1	False	
NODE_2_length_23063_cov_728.319237__full-cat_1_45	NODE_2_length_23063_cov_728.319237__full-cat_1	NODE_2_length_23063_cov_728.319237__full-cat_1	45	17245	17640	1	E																					0	2	1	False	
NODE_2_length_23063_cov_728.319237__full-cat_1_46	NODE_2_length_23063_cov_728.319237__full-cat_1	NODE_2_length_23063_cov_728.319237__full-cat_1	46	17656	17925	1	E			YP_002117633.1	YP_002117633.1 p075 [Rhizobium phage 16-3]	False	0.461	72.0	2.446e-15													0	2	1	False	
NODE_2_length_23063_cov_728.319237__full-cat_1_47	NODE_2_length_23063_cov_728.319237__full-cat_1	NODE_2_length_23063_cov_728.319237__full-cat_1	47	17938	18519	1	D																Transcription termination factor nusG [PF02357.21]					0	2	1	False	F
NODE_2_length_23063_cov_728.319237__full-cat_1_48	NODE_2_length_23063_cov_728.319237__full-cat_1	NODE_2_length_23063_cov_728.319237__full-cat_1	48	18881	19075	-1	E																					0	2	1	False	F
NODE_2_length_23063_cov_728.319237__full-cat_1_49	NODE_2_length_23063_cov_728.319237__full-cat_1	NODE_2_length_23063_cov_728.319237__full-cat_1	49	19072	19233	-1	E																					0	2	1	False	F
NODE_2_length_23063_cov_728.319237__full-cat_1_50	NODE_2_length_23063_cov_728.319237__full-cat_1	NODE_2_length_23063_cov_728.319237__full-cat_1	50	19245	19454	-1	E																					0	2	1	False	F
NODE_2_length_23063_cov_728.319237__full-cat_1_51	NODE_2_length_23063_cov_728.319237__full-cat_1	NODE_2_length_23063_cov_728.319237__full-cat_1	51	19556	19753	1	E																					0	2	1	False	F
NODE_2_length_23063_cov_728.319237__full-cat_1_52	NODE_2_length_23063_cov_728.319237__full-cat_1	NODE_2_length_23063_cov_728.319237__full-cat_1	52	19753	20064	1	E																					0	1	1	False	F
NODE_2_length_23063_cov_728.319237__full-cat_1_53	NODE_2_length_23063_cov_728.319237__full-cat_1	NODE_2_length_23063_cov_728.319237__full-cat_1	53	20216	21541	1	D			YP_007002073.1	YP_007002073.1 putative terminase large subunit [Brucella phage Pr]	True	0.371	472.0	3.506e-147								Terminase large subunit, T4likevirus-type, N-terminal [PF03237.17]		REFSEQ	Xu	REFSEQ hypothetical protein; Xu	0	0	1	False	F
NODE_2_length_23063_cov_728.319237__full-cat_1_54	NODE_2_length_23063_cov_728.319237__full-cat_1	NODE_2_length_23063_cov_728.319237__full-cat_1	54	21553	23061	1	E			YP_006589973.1	YP_006589973.1 portal protein [Burkholderia virus DC1]	False	0.213	118.0	2.343e-26													0	0	5	False	F
NODE_3_length_17972_cov_960.914550__full-cat_1_1	NODE_3_length_17972_cov_960.914550__full-cat_1	NODE_3_length_17972_cov_960.914550__full-cat_1	1	3	944	1	D			YP_009099606.1	YP_009099606.1 putative site-specific integrase/recombinase [Rhizobium phage vB_RleM_PPF1]	False	0.414	228.0	2.974e-65								Phage integrase family [PF00589.24]		sp|P22877|INTR_SACER	Xh;Xr	sp|P22877|INTR_SACER Integrase; XhXr	0	1	5	False	VF
NODE_3_length_17972_cov_960.914550__full-cat_1_2	NODE_3_length_17972_cov_960.914550__full-cat_1	NODE_3_length_17972_cov_960.914550__full-cat_1	2	1133	1438	1	E																					0	2	2	False	F
NODE_3_length_17972_cov_960.914550__full-cat_1_3	NODE_3_length_17972_cov_960.914550__full-cat_1	NODE_3_length_17972_cov_960.914550__full-cat_1	3	1463	1711	1	E																					0	2	2	False	F
NODE_3_length_17972_cov_960.914550__full-cat_1_4	NODE_3_length_17972_cov_960.914550__full-cat_1	NODE_3_length_17972_cov_960.914550__full-cat_1	4	1708	1827	1	E																					0	2	2	False	F
NODE_3_length_17972_cov_960.914550__full-cat_1_5	NODE_3_length_17972_cov_960.914550__full-cat_1	NODE_3_length_17972_cov_960.914550__full-cat_1	5	1844	2149	-1	E																					0	2	2	False	F
NODE_3_length_17972_cov_960.914550__full-cat_1_6	NODE_3_length_17972_cov_960.914550__full-cat_1	NODE_3_length_17972_cov_960.914550__full-cat_1	6	2187	2381	1	E																					0	2	2	False	F
NODE_3_length_17972_cov_960.914550__full-cat_1_7	NODE_3_length_17972_cov_960.914550__full-cat_1	NODE_3_length_17972_cov_960.914550__full-cat_1	7	2382	2681	-1	D																Family of unknown function (DUF6107) [PF19602.1]					0	2	2	False	F
NODE_3_length_17972_cov_960.914550__full-cat_1_8	NODE_3_length_17972_cov_960.914550__full-cat_1	NODE_3_length_17972_cov_960.914550__full-cat_1	8	2678	3166	-1	E																					0	2	2	False	F
NODE_3_length_17972_cov_960.914550__full-cat_1_9	NODE_3_length_17972_cov_960.914550__full-cat_1	NODE_3_length_17972_cov_960.914550__full-cat_1	9	3163	3492	-1	E																					0	2	2	False	F
NODE_3_length_17972_cov_960.914550__full-cat_1_10	NODE_3_length_17972_cov_960.914550__full-cat_1	NODE_3_length_17972_cov_960.914550__full-cat_1	10	3681	3929	-1	E																					0	2	2	False	F
NODE_3_length_17972_cov_960.914550__full-cat_1_11	NODE_3_length_17972_cov_960.914550__full-cat_1	NODE_3_length_17972_cov_960.914550__full-cat_1	11	3931	4722	-1	D			YP_007002038.1	YP_007002038.1 putative endolysin [Brucella phage Tb]	False	0.585	302.0	9.296e-92								Glycosyl hydrolase 108 [PF05838.14]; Predicted Peptidoglycan domain [PF09374.12]	GH108 N-acetylmuramidase (EC 3.2.1.17) [GH108]	REFSEQ	Xu	REFSEQ hypothetical protein; Xu	0	1	2	False	AF
NODE_3_length_17972_cov_960.914550__full-cat_1_12	NODE_3_length_17972_cov_960.914550__full-cat_1	NODE_3_length_17972_cov_960.914550__full-cat_1	12	4761	4925	1	E																					0	2	2	False	F
NODE_3_length_17972_cov_960.914550__full-cat_1_13	NODE_3_length_17972_cov_960.914550__full-cat_1	NODE_3_length_17972_cov_960.914550__full-cat_1	13	4922	7054	-1	D			YP_009222847.1	YP_009222847.1 hypothetical protein AXI79_gp77 [Pseudomonas phage PS-1]	False	0.203	118.0	6.230000000000001e-26								Right handed beta helix region [PF13229.8]					0	1	2	False	F
NODE_3_length_17972_cov_960.914550__full-cat_1_14	NODE_3_length_17972_cov_960.914550__full-cat_1	NODE_3_length_17972_cov_960.914550__full-cat_1	14	7051	7392	-1	E																					0	1	2	False	
NODE_3_length_17972_cov_960.914550__full-cat_1_15	NODE_3_length_17972_cov_960.914550__full-cat_1	NODE_3_length_17972_cov_960.914550__full-cat_1	15	7395	8351	-1	E			YP_008873193.1	YP_008873193.1 putative tail collar domain-containing protein [Pseudomonas phage PPpW-3]	False	0.296	67.0	4.31e-11													0	0	2	False	
NODE_3_length_17972_cov_960.914550__full-cat_1_16	NODE_3_length_17972_cov_960.914550__full-cat_1	NODE_3_length_17972_cov_960.914550__full-cat_1	16	8568	10142	-1	E			YP_007002092.1	YP_007002092.1 structural protein [Brucella phage Pr]	False	0.29	109.0	2.069e-23										REFSEQ	Xu	REFSEQ structural protein; Xu	0	0	1	False	
NODE_3_length_17972_cov_960.914550__full-cat_1_17	NODE_3_length_17972_cov_960.914550__full-cat_1	NODE_3_length_17972_cov_960.914550__full-cat_1	17	10124	11953	-1	D																Phage tail lysozyme [PF18013.3]					0	1	1	False	
NODE_3_length_17972_cov_960.914550__full-cat_1_18	NODE_3_length_17972_cov_960.914550__full-cat_1	NODE_3_length_17972_cov_960.914550__full-cat_1	18	11953	12651	-1	E																					0	1	1	False	
NODE_3_length_17972_cov_960.914550__full-cat_1_19	NODE_3_length_17972_cov_960.914550__full-cat_1	NODE_3_length_17972_cov_960.914550__full-cat_1	19	12664	13335	-1	E																					0	1	1	False	F
NODE_3_length_17972_cov_960.914550__full-cat_1_20	NODE_3_length_17972_cov_960.914550__full-cat_1	NODE_3_length_17972_cov_960.914550__full-cat_1	20	13332	13868	-1	E			YP_004508456.1	YP_004508456.1 collagen triple helix repeat domain protein [Synechococcus phage S-CRM01]	False	0.46	96.0	4.962e-22													0	0	1	False	F
NODE_3_length_17972_cov_960.914550__full-cat_1_21	NODE_3_length_17972_cov_960.914550__full-cat_1	NODE_3_length_17972_cov_960.914550__full-cat_1	21	13868	15130	-1	D			YP_007518349.1	YP_007518349.1 hypothetical protein I904_gp07 [Vibrio phage VvAW1]	False	0.28	144.0	1.776e-35								Phage stabilisation protein [PF11134.10]		sp|P26749|VG10_BPP22	Xh	sp|P26749|VG10_BPP22 Packaged DNA stabilization protein gp10; Xh	0	0	1	False	F
NODE_3_length_17972_cov_960.914550__full-cat_1_22	NODE_3_length_17972_cov_960.914550__full-cat_1	NODE_3_length_17972_cov_960.914550__full-cat_1	22	15296	15631	-1	E																					0	2	1	False	F
NODE_3_length_17972_cov_960.914550__full-cat_1_23	NODE_3_length_17972_cov_960.914550__full-cat_1	NODE_3_length_17972_cov_960.914550__full-cat_1	23	15646	15894	-1	E																					0	2	1	False	F
NODE_3_length_17972_cov_960.914550__full-cat_1_24	NODE_3_length_17972_cov_960.914550__full-cat_1	NODE_3_length_17972_cov_960.914550__full-cat_1	24	15903	16322	-1	E																					0	1	1	False	F
NODE_3_length_17972_cov_960.914550__full-cat_1_25	NODE_3_length_17972_cov_960.914550__full-cat_1	NODE_3_length_17972_cov_960.914550__full-cat_1	25	16383	17588	-1	D			YP_009030550.1	YP_009030550.1 major structural protein [Pseudomonas phage KPP25]	False	0.194	68.0	3.517e-11								Protein of unknown function (DUF4043) [PF13252.8]		sp|C0HJH8|CAPSD_BPKP2	Xs	sp|C0HJH8|CAPSD_BPKP2 Major capsid protein; Xs	0	0	4	False	VF
NODE_3_length_17972_cov_960.914550__full-cat_1_26	NODE_3_length_17972_cov_960.914550__full-cat_1	NODE_3_length_17972_cov_960.914550__full-cat_1	26	17631	17972	-1	E																					0	2	5	False	F
NODE_4_length_6950_cov_709.418129__full-cat_1_1	NODE_4_length_6950_cov_709.418129__full-cat_1	NODE_4_length_6950_cov_709.418129__full-cat_1	1	3	83	1	E																					0	2	5	False	F
NODE_4_length_6950_cov_709.418129__full-cat_1_2	NODE_4_length_6950_cov_709.418129__full-cat_1	NODE_4_length_6950_cov_709.418129__full-cat_1	2	209	1441	1	D			NP_510885.1	NP_510885.1 replication protein [Escherichia virus M13]	True	0.951	821.0	1.3799999999999998e-268								Phage replication protein CRI [PF05144.16]; Phage X family [PF05155.17]		sp|P03660|REP_BPIKE	Xr	sp|P03660|REP_BPIKE Replication-associated protein G2P; Xr	0	1	4	False	VF
NODE_4_length_6950_cov_709.418129__full-cat_1_3	NODE_4_length_6950_cov_709.418129__full-cat_1	NODE_4_length_6950_cov_709.418129__full-cat_1	3	1453	1716	1	D			YP_009111299.1	YP_009111299.1 V [Enterobacteria phage fd]	False	0.974	181.0	3.3599999999999995e-53								Helix-destabilising protein [PF02303.19]		sp|P68675|VHED_XANCP	Xr	sp|P68675|VHED_XANCP Phi-Lf prophage-derived helix-destabilizing protein; Xr	0	2	2	False	VF
NODE_4_length_6950_cov_709.418129__full-cat_1_4	NODE_4_length_6950_cov_709.418129__full-cat_1	NODE_4_length_6950_cov_709.418129__full-cat_1	4	1911	2132	1	D			NP_510890.1	NP_510890.1 structural protein [Escherichia virus M13]	False	0.873	135.0	2.02e-37								Phage major coat protein, Gp8 [PF19199.2]		sp|P03619|CAPSD_BPIF1	Xs	sp|P03619|CAPSD_BPIF1 Capsid protein G8P; Xs	0	0	2	False	VF
NODE_4_length_6950_cov_709.418129__full-cat_1_5	NODE_4_length_6950_cov_709.418129__full-cat_1	NODE_4_length_6950_cov_709.418129__full-cat_1	5	2188	3462	1	D			YP_009111303.1	YP_009111303.1 III [Enterobacteria phage fd]	True	0.932	829.0	2.587e-271								Phage Coat Protein A [PF05357.15]		sp|P03661|G3P_BPFD	Xs;Xp	sp|P03661|G3P_BPFD Attachment protein G3P; XpXs	0	0	1	False	VF
NODE_4_length_6950_cov_709.418129__full-cat_1_6	NODE_4_length_6950_cov_709.418129__full-cat_1	NODE_4_length_6950_cov_709.418129__full-cat_1	6	3500	3763	1	D			YP_009111299.1	YP_009111299.1 V [Enterobacteria phage fd]	False	0.974	181.0	3.3599999999999995e-53								Helix-destabilising protein [PF02303.19]		sp|P68675|VHED_XANCP	Xr	sp|P68675|VHED_XANCP Phi-Lf prophage-derived helix-destabilizing protein; Xr	0	2	1	False	VF
NODE_4_length_6950_cov_709.418129__full-cat_1_7	NODE_4_length_6950_cov_709.418129__full-cat_1	NODE_4_length_6950_cov_709.418129__full-cat_1	7	3958	4179	1	D			NP_510890.1	NP_510890.1 structural protein [Escherichia virus M13]	False	0.873	135.0	2.02e-37								Phage major coat protein, Gp8 [PF19199.2]		sp|P03619|CAPSD_BPIF1	Xs	sp|P03619|CAPSD_BPIF1 Capsid protein G8P; Xs	0	0	1	False	VF
NODE_4_length_6950_cov_709.418129__full-cat_1_8	NODE_4_length_6950_cov_709.418129__full-cat_1	NODE_4_length_6950_cov_709.418129__full-cat_1	8	4235	5509	1	D			YP_009111303.1	YP_009111303.1 III [Enterobacteria phage fd]	False	0.932	829.0	2.587e-271								Phage Coat Protein A [PF05357.15]		sp|P03661|G3P_BPFD	Xs;Xp	sp|P03661|G3P_BPFD Attachment protein G3P; XpXs	0	0	1	False	VF
NODE_4_length_6950_cov_709.418129__full-cat_1_9	NODE_4_length_6950_cov_709.418129__full-cat_1	NODE_4_length_6950_cov_709.418129__full-cat_1	9	5512	5850	1	D			NP_510892.1	NP_510892.1 small hydrophobic protein [Escherichia virus M13]	False	0.873	205.0	3.501e-61								Family of unknown function (DUF5455) [PF17537.4]		sp|O80298|G6P_BPIF1	Xs;Xp	sp|O80298|G6P_BPIF1 Head virion protein G6P; XpXs	0	0	2	False	VF
NODE_4_length_6950_cov_709.418129__full-cat_1_10	NODE_4_length_6950_cov_709.418129__full-cat_1	NODE_4_length_6950_cov_709.418129__full-cat_1	10	5852	6898	1	C	K10954	zona occludens toxin	NP_510893.1	NP_510893.1 phage assembly protein [Escherichia virus M13]	True	0.984	724.0	2.549e-236								Zonular occludens toxin (Zot) [PF05707.14]		sp|P03655|G1P_BPFD	Xh;Xp	sp|P03655|G1P_BPFD Gene 1 protein; XhXp	0	1	4	False	F
NODE_4_length_6950_cov_709.418129__full-cat_1_11	NODE_4_length_6950_cov_709.418129__full-cat_1	NODE_4_length_6950_cov_709.418129__full-cat_1	11	6876	6950	1	E																					0	2	5	False	F
